{"train_los": [0.18221376634250253, 0.193582208753474, 0.1315297180692018, 0.09427706356355026, 0.07555906766615177, 0.06211802836423371, 0.049226719713743546, 0.04038288203162788, 0.03391700563952327, 0.029390335722963224, 0.02353721551069632, 0.020249042442952423, 0.0198280686675538, 0.02026468794484587, 0.017483424756243184, 0.010136190751091628, 0.015536957958089662, 0.01067540498043767, 0.011591278110620287, 0.0066023376715604, 0.006313845246369585, 0.01033878563283377, 0.0114950914587694, 0.003985170676013834, 0.0025842024517445123, 0.001948399290789904, 0.0018735599155892703, 0.00177399230386915, 0.001698231916629402, 0.0016748917348097761, 0.0016177577197102099, 0.0015087845028374123, 0.0015006872661918653, 0.0014567377526852761, 0.001585199370909497, 0.0015198998157680084, 0.0014526424049165277, 0.0013729268995624508, 0.0014454936917335118, 0.0014108879028784849, 0.0013543437234440747, 0.0013644554237107309, 0.0013497419525491374, 0.001330089753153228, 0.0013743807860888502, 0.0013323410550794177, 0.0013025911343979484, 0.001313858432448627, 0.0013650514137531135, 0.0013488215981106615], "test_los": [0.3315933793783188, 0.4628598541021347, 0.3358977735042572, 0.5158115811645985, 0.5197112299501896, 0.2484490666538477, 0.3251006193459034, 0.17058374453336, 0.40967455692589283, 0.4291328452527523, 0.39555632695555687, 0.7503503262996674, 0.4906310886144638, 0.6848215088248253, 0.1740228096023202, 1.3849150091409683, 0.3946223109960556, 1.0947595350444317, 0.47142108902335167, 0.584980983287096, 0.6771752499043941, 0.3002938963472843, 0.4618055671453476, 0.6533056478947401, 0.69600048661232, 0.7905344069004059, 0.8039915412664413, 0.8323610052466393, 0.8460082598030567, 0.8284970931708813, 0.8167965412139893, 0.8493235586211085, 0.9117809347808361, 0.9123221971094608, 0.8932655155658722, 0.8935286668129265, 0.8235436081886292, 0.8756473287940025, 0.8899351786822081, 0.788371417671442, 0.8720667418092489, 0.9207233190536499, 0.8130086734890938, 0.9233683198690414, 0.949318177998066, 0.8788203746080399, 0.9574615079909563, 0.926544327288866, 0.912854515016079, 0.9117312952876091], "train_acc": [0.8572916666329917, 0.7665430790623703, 0.8391066383844041, 0.8891066385191039, 0.9151129943166075, 0.9295021186103929, 0.9439088983387597, 0.9518891242937854, 0.9619879943166075, 0.9653954802259888, 0.9713983050847458, 0.9770303673326632, 0.9787605931866641, 0.9771362994350282, 0.9826977401129944, 0.9894950564971752, 0.983492231638418, 0.9880649718524372, 0.9888771186440678, 0.9924964689265536, 0.994526836158192, 0.9877295197740112, 0.9869350282485876, 0.9959392655367232, 0.9969103107344632, 0.997263418079096, 0.9973516949152542, 0.9973516949152542, 0.9974399717514124, 0.9974399717514124, 0.9974399717514124, 0.9975282485875706, 0.9975282485875706, 0.9975282485875706, 0.9974752824522007, 0.9975282485875706, 0.9976165254237288, 0.9976165254237288, 0.9975635592883589, 0.9974752824522007, 0.9975635592883589, 0.9976165254237288, 0.9975282485875706, 0.9976165254237288, 0.997704802259887, 0.9976165254237288, 0.9976165254237288, 0.997704802259887, 0.9975635592883589, 0.9976165254237288], "test_acc": [0.5, 0.58984375, 0.765625, 0.59765625, 0.71875, 0.77734375, 0.74609375, 0.8046875, 0.796875, 0.73828125, 0.796875, 0.73046875, 0.7265625, 0.703125, 0.8125, 0.6484375, 0.78515625, 0.6875, 0.73828125, 0.74609375, 0.7265625, 0.83984375, 0.828125, 0.78125, 0.76953125, 0.7734375, 0.77734375, 0.77734375, 0.7734375, 0.77734375, 0.7734375, 0.78125, 0.7734375, 0.7734375, 0.7734375, 0.7734375, 0.77734375, 0.7734375, 0.7734375, 0.78515625, 0.77734375, 0.77734375, 0.7734375, 0.77734375, 0.7734375, 0.77734375, 0.7734375, 0.7734375, 0.77734375, 0.7734375]}